,pattern,frequency
87,"('Fmaj', 'Cmaj', 'Fmaj', 'Cmaj')",53
86,"('Cmaj', 'Fmaj', 'Cmaj', 'Fmaj')",50
68,"('Gmaj', 'Amin', 'Gmaj', 'Amin')",38
85,"('Gmaj', 'Cmaj', 'Gmaj', 'Cmaj')",35
50,"('Fmaj', 'Gmaj', 'Amin', 'Fmaj')",34
110,"('Amin', 'Gmaj', 'Amin', 'Gmaj')",33
131,"('Cmaj', 'Gmaj', 'Cmaj', 'Gmaj')",25
156,"('Dmin', 'Gmaj', 'Dmin', 'Gmaj')",24
158,"('Gmaj', 'Dmin', 'Gmaj', 'Dmin')",23
108,"('Gmaj', 'Fmaj', 'Gmaj', 'Amin')",22
122,"('Gmaj', 'Cmaj', 'Fmaj', 'Gmaj')",20
486,"('Emin', 'Cmaj', 'Emin', 'Cmaj')",20
277,"('Bbmaj', 'Cmaj', 'Bbmaj', 'Cmaj')",20
92,"('Bbmaj', 'Fmaj', 'Bbmaj', 'Fmaj')",19
7,"('Emin', 'Emaj', 'Emin', 'Emaj')",19
120,"('Gmaj', 'Amin', 'Fmaj', 'Gmaj')",19
109,"('Fmaj', 'Gmaj', 'Amin', 'Gmaj')",19
129,"('Fmaj', 'Gmaj', 'Fmaj', 'Gmaj')",18
113,"('Amin', 'Gmaj', 'Fmaj', 'Gmaj')",18
13,"('Gmaj', 'Amin', 'Gmaj', 'Fmaj')",18
6,"('Emaj', 'Emin', 'Emaj', 'Emin')",18
278,"('Cmaj', 'Bbmaj', 'Cmaj', 'Dmin')",17
83,"('Gmaj', 'Gmin', 'Gmaj', 'Gmin')",16
272,"('Dmin', 'Cmaj', 'Bbmaj', 'Cmaj')",16
121,"('Amin', 'Fmaj', 'Gmaj', 'Amin')",16
317,"('Cmin', 'Abmaj', 'Bbmaj', 'Gmin')",15
316,"('Gmin', 'Cmin', 'Abmaj', 'Bbmaj')",15
320,"('Bbmaj', 'Gmin', 'Cmin', 'Abmaj')",14
485,"('Cmaj', 'Emin', 'Cmaj', 'Emin')",14
282,"('Bbmaj', 'Cmaj', 'Dmin', 'Cmaj')",14
319,"('Abmaj', 'Bbmaj', 'Gmin', 'Cmin')",14
152,"('Gmin', 'Gmaj', 'Gmin', 'Gmaj')",14
288,"('Cmaj', 'Bbmaj', 'Cmaj', 'Bbmaj')",13
30,"('Dmaj', 'Dmin', 'Dmaj', 'Dmin')",13
594,"('Fmaj', 'Ebmaj', 'Fmaj', 'Ebmaj')",13
29,"('Dmin', 'Dmaj', 'Dmin', 'Dmaj')",13
263,"('Gmaj', 'Fmaj', 'Gmaj', 'Fmaj')",12
595,"('Ebmaj', 'Fmaj', 'Ebmaj', 'Fmaj')",12
279,"('Bbmaj', 'Cmaj', 'Dmin', 'Bbmaj')",11
49,"('Fmaj', 'Emaj', 'Fmaj', 'Emaj')",11
598,"('Fmaj', 'Cmaj', 'Bbmaj', 'Fmaj')",11
148,"('Fmaj', 'Gmaj', 'Cmaj', 'Fmaj')",11
149,"('Cmaj', 'Fmaj', 'Gmaj', 'Cmaj')",11
597,"('Bbmaj', 'Fmaj', 'Cmaj', 'Bbmaj')",10
71,"('Fmaj', 'Amin', 'Gmaj', 'Fmaj')",10
94,"('Dmin', 'Bbmaj', 'Dmin', 'Bbmaj')",9
375,"('Fmaj', 'Bbmaj', 'Fmaj', 'Bbmaj')",9
14,"('Amin', 'Gmaj', 'Fmaj', 'Amin')",9
401,"('Cmaj', 'Bbmaj', 'Fmaj', 'Cmaj')",9
298,"('Amin', 'Fmaj', 'Gmaj', 'Fmaj')",8
294,"('Cmaj', 'Dmin', 'Cmaj', 'Bbmaj')",8
275,"('Cmaj', 'Dmaj', 'Cmaj', 'Bbmaj')",8
55,"('Gmaj', 'Amin', 'Fmaj', 'Cmaj')",8
274,"('Bbmaj', 'Cmaj', 'Dmaj', 'Cmaj')",8
72,"('Gmaj', 'Fmaj', 'Amin', 'Gmaj')",8
389,"('Cmaj', 'Gmaj', 'Cmaj', 'Fmaj')",8
269,"('Gmaj', 'Amaj', 'Gmaj', 'Fmaj')",7
483,"('Cmaj', 'Emin', 'Emaj', 'Emin')",7
390,"('Gmaj', 'Cmaj', 'Fmaj', 'Cmaj')",7
583,"('Amin', 'Gmaj', 'Dmaj', 'Amin')",7
531,"('Cmaj', 'Bbmaj', 'Dmin', 'Cmaj')",7
416,"('Cmin', 'Cmaj', 'Cmin', 'Cmaj')",7
510,"('Fmaj', 'Cmaj', 'Fmaj', 'Gmaj')",7
54,"('Cmaj', 'Fmaj', 'Gmaj', 'Amin')",7
459,"('Cmaj', 'Emin', 'Cmaj', 'Fmaj')",7
509,"('Gmaj', 'Fmaj', 'Cmaj', 'Fmaj')",7
281,"('Dmaj', 'Cmaj', 'Bbmaj', 'Cmaj')",6
57,"('Emaj', 'Fmaj', 'Emaj', 'Fmaj')",6
314,"('Gmaj', 'Abmaj', 'Gmaj', 'Abmaj')",6
712,"('Emin', 'Amaj', 'Emin', 'Amaj')",6
240,"('Bbmaj', 'Dmin', 'Bbmaj', 'Dmin')",6
461,"('Fmaj', 'Cmaj', 'Emin', 'Cmaj')",6
392,"('Bbmaj', 'Fmaj', 'Gmaj', 'Cmaj')",5
391,"('Cmaj', 'Bbmaj', 'Fmaj', 'Gmaj')",5
237,"('Cmaj', 'Fmaj', 'Cmaj', 'Emin')",5
123,"('Fmaj', 'Gmaj', 'Amaj', 'Gmaj')",5
383,"('Amaj', 'Fmaj', 'Amaj', 'Fmaj')",5
116,"('Gmaj', 'Amaj', 'Gmaj', 'Amin')",5
118,"('Amin', 'Gmaj', 'Amin', 'Fmaj')",5
117,"('Amaj', 'Gmaj', 'Amin', 'Gmaj')",5
373,"('Gmaj', 'Cmaj', 'Bbmaj', 'Fmaj')",5
132,"('Fmaj', 'Bbmaj', 'Gmin', 'Cmaj')",5
62,"('Gmaj', 'Bbmaj', 'Gmaj', 'Bbmaj')",5
157,"('Dmaj', 'Dmin', 'Gmaj', 'Dmin')",5
405,"('Amin', 'Gmaj', 'Amaj', 'Gmaj')",5
512,"('Fmaj', 'Gmaj', 'Cmaj', 'Gmaj')",5
403,"('Amaj', 'Gmaj', 'Amaj', 'Gmaj')",5
315,"('Abmaj', 'Gmaj', 'Abmaj', 'Gmaj')",5
63,"('Bbmaj', 'Gmaj', 'Bbmaj', 'Gmaj')",5
178,"('Cmaj', 'Fmaj', 'Cmaj', 'Dmaj')",5
675,"('Gmaj', 'Bmin', 'Gmaj', 'Bmin')",5
393,"('Fmaj', 'Gmaj', 'Cmaj', 'Bbmaj')",5
301,"('Fmaj', 'Amaj', 'Fmaj', 'Amaj')",5
177,"('Dmaj', 'Fmaj', 'Cmaj', 'Fmaj')",5
713,"('Amaj', 'Emin', 'Amaj', 'Emin')",5
189,"('Dmaj', 'Emaj', 'Fmaj', 'Gmaj')",4
463,"('Cmaj', 'Fmaj', 'Gmaj', 'Fmaj')",4
460,"('Emin', 'Cmaj', 'Fmaj', 'Cmaj')",4
175,"('Amin', 'Bmaj', 'Amin', 'Bmaj')",4
171,"('Gmaj', 'Amin', 'Cmaj', 'Bmaj')",4
174,"('Bmaj', 'Amin', 'Bmaj', 'Amin')",4
232,"('Amin', 'Amaj', 'Amin', 'Amaj')",4
579,"('Gmaj', 'Dmaj', 'Amin', 'Gmaj')",4
480,"('Emin', 'Emaj', 'Emin', 'Cmaj')",4
213,"('Amaj', 'Amin', 'Amaj', 'Amin')",4
127,"('Gmaj', 'Amin', 'Gmaj', 'Dmin')",4
221,"('Fmaj', 'Emaj', 'Amin', 'Gmaj')",4
170,"('Emin', 'Gmaj', 'Amin', 'Cmaj')",4
134,"('Cmaj', 'Fmaj', 'Bbmaj', 'Gmaj')",4
588,"('Bbmaj', 'Dmin', 'Cmaj', 'Gmaj')",4
176,"('Fmaj', 'Cmaj', 'Fmaj', 'Dmaj')",4
169,"('Bmaj', 'Emin', 'Gmaj', 'Amin')",4
128,"('Amin', 'Gmaj', 'Dmin', 'Gmaj')",4
481,"('Emaj', 'Emin', 'Cmaj', 'Emin')",4
172,"('Amin', 'Cmaj', 'Bmaj', 'Amin')",4
792,"('Cmaj', 'Emin', 'Cmaj', 'Gmaj')",4
394,"('Cmaj', 'Dmaj', 'Cmaj', 'Fmaj')",4
336,"('Gmaj', 'Dmaj', 'Dmin', 'Gmaj')",4
516,"('Cmaj', 'Gmaj', 'Fmaj', 'Cmaj')",4
684,"('Emaj', 'Ebmaj', 'Dmaj', 'Gmaj')",4
649,"('Amin', 'Emin', 'Cmaj', 'Gmaj')",4
518,"('Fmaj', 'Cmaj', 'Gmaj', 'Fmaj')",4
358,"('Amin', 'Fmaj', 'Cmaj', 'Gmaj')",4
511,"('Fmaj', 'Gmaj', 'Fmaj', 'Cmaj')",4
522,"('Emin', 'Cmaj', 'Gmaj', 'Fmaj')",4
293,"('Bbmaj', 'Amaj', 'Dmin', 'Cmaj')",4
292,"('Dmin', 'Bbmaj', 'Amaj', 'Dmin')",4
304,"('Dmaj', 'Dmin', 'Gmaj', 'Emaj')",4
18,"('Emaj', 'Amin', 'Gmaj', 'Fmaj')",4
287,"('Cmaj', 'Fmaj', 'Bbmaj', 'Cmaj')",4
683,"('Fmaj', 'Emaj', 'Ebmaj', 'Dmaj')",4
492,"('Amaj', 'Amin', 'Dmaj', 'Amaj')",4
8,"('Emaj', 'Emin', 'Emaj', 'Cmaj')",4
273,"('Cmaj', 'Bbmaj', 'Cmaj', 'Dmaj')",4
173,"('Cmaj', 'Bmaj', 'Amin', 'Bmaj')",4
37,"('Dmin', 'Fmaj', 'Dmin', 'Fmaj')",4
362,"('Bbmaj', 'Dmin', 'Cmaj', 'Bbmaj')",3
387,"('Fmaj', 'Cmaj', 'Gmaj', 'Cmaj')",3
194,"('Fmaj', 'Gmaj', 'Dmin', 'Fmaj')",3
378,"('Dmaj', 'Ebmaj', 'Fmaj', 'Gmaj')",3
374,"('Cmaj', 'Bbmaj', 'Fmaj', 'Bbmaj')",3
348,"('Gmaj', 'Dmin', 'Gmaj', 'Cmaj')",3
730,"('Ebmaj', 'Fmaj', 'Ebmaj', 'Dmin')",3
457,"('Fmaj', 'Gmaj', 'Cmaj', 'Emin')",3
342,"('Cmaj', 'Dmaj', 'Cmaj', 'Dmaj')",3
385,"('Fmaj', 'Amin', 'Cmaj', 'Amin')",3
399,"('Dmin', 'Cmaj', 'Dmaj', 'Cmaj')",3
341,"('Dmaj', 'Cmaj', 'Dmaj', 'Cmaj')",3
654,"('Cmaj', 'Amaj', 'Emin', 'Cmaj')",3
397,"('Amaj', 'Dmin', 'Cmaj', 'Bbmaj')",3
262,"('Cmaj', 'Fmaj', 'Cmaj', 'Gmaj')",3
410,"('Amin', 'Emin', 'Fmaj', 'Gmaj')",3
456,"('Cmaj', 'Fmaj', 'Cmaj', 'Dmin')",3
444,"('Gmin', 'Gmaj', 'Gmin', 'Fmaj')",3
601,"('Fmaj', 'Bbmaj', 'Fmaj', 'Cmaj')",3
284,"('Dmin', 'Bbmaj', 'Cmaj', 'Bbmaj')",3
589,"('Gmaj', 'Amin', 'Cmaj', 'Bbmaj')",3
289,"('Cmaj', 'Bbmaj', 'Cmaj', 'Fmaj')",3
291,"('Cmaj', 'Dmin', 'Bbmaj', 'Amaj')",3
230,"('Emin', 'Fmaj', 'Gmaj', 'Amin')",3
300,"('Amin', 'Fmaj', 'Amaj', 'Fmaj')",3
305,"('Dmin', 'Amin', 'Bmin', 'Emaj')",3
306,"('Amin', 'Bmin', 'Emaj', 'Emin')",3
226,"('Gmaj', 'Amin', 'Dmin', 'Gmaj')",3
224,"('Fmaj', 'Gmaj', 'Amin', 'Dmin')",3
223,"('Cmaj', 'Gmaj', 'Amin', 'Gmaj')",3
220,"('Amin', 'Fmaj', 'Emaj', 'Amin')",3
417,"('Fmaj', 'Gmin', 'Gmaj', 'Gmin')",3
414,"('Gmaj', 'Amin', 'Gmaj', 'Amaj')",3
659,"('Emin', 'Amaj', 'Emin', 'Amin')",3
334,"('Dmaj', 'Dmin', 'Gmaj', 'Dmaj')",3
715,"('Emin', 'Amin', 'Emin', 'Amaj')",3
267,"('Fmaj', 'Cmaj', 'Gmaj', 'Amaj')",3
626,"('Gmin', 'Amin', 'Fmaj', 'Gmaj')",3
124,"('Fmin', 'Gmaj', 'Fmin', 'Gmaj')",3
739,"('Fmaj', 'Gmin', 'Gmaj', 'Cmaj')",3
36,"('Fmaj', 'Gmaj', 'Dmin', 'Dmaj')",3
38,"('Fmaj', 'Dmin', 'Fmaj', 'Dmaj')",3
487,"('Cmaj', 'Emin', 'Cmaj', 'Amin')",3
39,"('Dmin', 'Fmaj', 'Dmaj', 'Dmin')",3
558,"('Fmaj', 'Gmaj', 'Fmaj', 'Amin')",3
150,"('Gmaj', 'Cmaj', 'Fmaj', 'Bbmaj')",3
79,"('Gmaj', 'Cmaj', 'Gmaj', 'Gmin')",3
501,"('Fmaj', 'Amin', 'Amaj', 'Amin')",3
154,"('Emaj', 'Amaj', 'Dmin', 'Gmaj')",3
139,"('Cmin', 'Fmaj', 'Bbmaj', 'Gmin')",3
801,"('Fmaj', 'Bbmaj', 'Gmaj', 'Cmaj')",3
138,"('Gmaj', 'Cmin', 'Fmaj', 'Bbmaj')",3
559,"('Gmaj', 'Fmaj', 'Amin', 'Fmaj')",3
488,"('Emin', 'Cmaj', 'Amin', 'Cmaj')",3
802,"('Bbmaj', 'Gmaj', 'Cmaj', 'Fmaj')",3
135,"('Fmaj', 'Bbmaj', 'Gmaj', 'Cmin')",3
119,"('Dmin', 'Gmaj', 'Amin', 'Gmaj')",3
166,"('Amin', 'Bmaj', 'Emin', 'Amin')",3
133,"('Bbmaj', 'Gmin', 'Cmaj', 'Fmaj')",3
164,"('Amaj', 'Dmaj', 'Dmin', 'Gmaj')",3
572,"('Dmaj', 'Amin', 'Gmaj', 'Fmaj')",3
16,"('Fmaj', 'Amin', 'Emaj', 'Amin')",3
35,"('Cmaj', 'Fmaj', 'Gmaj', 'Dmin')",3
102,"('Amin', 'Emin', 'Amin', 'Emin')",3
103,"('Emin', 'Amin', 'Emin', 'Amin')",3
560,"('Amin', 'Gmaj', 'Fmaj', 'Dmaj')",3
60,"('Fmaj', 'Cmaj', 'Gmaj', 'Amin')",2
311,"('Ebmaj', 'Fmaj', 'Gmin', 'Cmaj')",2
309,"('Fmaj', 'Gmin', 'Cmaj', 'Ebmaj')",2
553,"('Amin', 'Fmaj', 'Cmaj', 'Dmin')",2
785,"('Fmaj', 'Dmin', 'Bbmaj', 'Cmaj')",2
550,"('Abmaj', 'Bbmaj', 'Fmaj', 'Gmaj')",2
61,"('Cmaj', 'Gmaj', 'Amin', 'Fmaj')",2
67,"('Bbmaj', 'Gmaj', 'Amin', 'Gmaj')",2
606,"('Dmaj', 'Emaj', 'Dmaj', 'Cmaj')",2
313,"('Bbmaj', 'Gmaj', 'Abmaj', 'Gmaj')",2
168,"('Amin', 'Bmaj', 'Emin', 'Gmaj')",2
777,"('Fmaj', 'Gmaj', 'Dmaj', 'Amin')",2
297,"('Fmaj', 'Amin', 'Fmaj', 'Gmaj')",2
767,"('Cmaj', 'Dmin', 'Bbmaj', 'Cmaj')",2
276,"('Bbmaj', 'Dmin', 'Bbmaj', 'Cmaj')",2
497,"('Cmaj', 'Fmaj', 'Cmaj', 'Amin')",2
561,"('Dmin', 'Amin', 'Amaj', 'Fmaj')",2
770,"('Dmaj', 'Amin', 'Gmaj', 'Dmaj')",2
167,"('Bmaj', 'Emin', 'Amin', 'Bmaj')",2
84,"('Fmaj', 'Abmaj', 'Fmaj', 'Abmaj')",2
430,"('Gmaj', 'Gmin', 'Fmaj', 'Gmaj')",2
285,"('Bbmaj', 'Cmaj', 'Bbmaj', 'Fmaj')",2
286,"('Cmaj', 'Bbmaj', 'Fmaj', 'Dmin')",2
613,"('Gmaj', 'Cmaj', 'Fmaj', 'Amin')",2
290,"('Fmaj', 'Bbmaj', 'Cmaj', 'Dmin')",2
77,"('Gmaj', 'Gmin', 'Gmaj', 'Ebmaj')",2
75,"('Gmaj', 'Ebmaj', 'Gmaj', 'Ebmaj')",2
74,"('Cmaj', 'Gmaj', 'Ebmaj', 'Gmaj')",2
774,"('Gmaj', 'Amin', 'Gmaj', 'Dmaj')",2
658,"('Cmaj', 'Emin', 'Amaj', 'Emin')",2
46,"('Amin', 'Emaj', 'Amin', 'Fmaj')",2
624,"('Gmaj', 'Cmaj', 'Gmin', 'Amin')",2
359,"('Dmaj', 'Fmaj', 'Gmaj', 'Amin')",2
360,"('Bbmaj', 'Dmin', 'Gmaj', 'Bbmaj')",2
363,"('Dmin', 'Dmaj', 'Dmin', 'Gmaj')",2
364,"('Amin', 'Dmin', 'Dmaj', 'Dmin')",2
366,"('Dmaj', 'Dmin', 'Gmin', 'Dmin')",2
623,"('Dmaj', 'Gmaj', 'Cmaj', 'Gmin')",2
545,"('Dmin', 'Gmaj', 'Cmaj', 'Gmaj')",2
625,"('Cmaj', 'Gmin', 'Amin', 'Fmaj')",2
26,"('Gmaj', 'Fmaj', 'Emin', 'Amin')",2
372,"('Fmaj', 'Dmaj', 'Ebmaj', 'Fmaj')",2
526,"('Dmin', 'Cmaj', 'Dmin', 'Cmaj')",2
376,"('Fmaj', 'Bbmaj', 'Fmaj', 'Dmaj')",2
12,"('Amin', 'Emaj', 'Emin', 'Emaj')",2
629,"('Amin', 'Amaj', 'Amin', 'Emin')",2
537,"('Cmaj', 'Fmaj', 'Gmaj', 'Amaj')",2
2,"('Gmaj', 'Cmaj', 'Gmin', 'Cmaj')",2
357,"('Emaj', 'Fmaj', 'Gmaj', 'Amin')",2
547,"('Bbmaj', 'Fmaj', 'Gmaj', 'Abmaj')",2
45,"('Dmin', 'Dmaj', 'Gmaj', 'Dmin')",2
335,"('Dmin', 'Gmaj', 'Dmaj', 'Dmin')",2
415,"('Cmin', 'Cmaj', 'Amaj', 'Cmin')",2
44,"('Dmin', 'Fmaj', 'Dmaj', 'Fmaj')",2
615,"('Fmaj', 'Amin', 'Emin', 'Fmaj')",2
790,"('Cmaj', 'Bbmaj', 'Dmin', 'Bbmaj')",2
495,"('Amin', 'Cmaj', 'Amin', 'Amaj')",2
656,"('Amaj', 'Emin', 'Cmaj', 'Emin')",2
515,"('Gmaj', 'Gmin', 'Cmaj', 'Gmaj')",2
409,"('Gmaj', 'Amaj', 'Gmaj', 'Amaj')",2
406,"('Fmaj', 'Emin', 'Amin', 'Fmaj')",2
652,"('Gmaj', 'Amaj', 'Emin', 'Cmaj')",2
794,"('Amaj', 'Amin', 'Fmaj', 'Cmaj')",2
651,"('Cmaj', 'Gmaj', 'Amaj', 'Emin')",2
650,"('Emin', 'Cmaj', 'Gmaj', 'Amaj')",2
346,"('Dmaj', 'Gmaj', 'Dmin', 'Gmaj')",2
31,"('Bbmaj', 'Fmaj', 'Dmin', 'Bbmaj')",2
350,"('Dbmin', 'Cmaj', 'Fmaj', 'Abmaj')",2
496,"('Cmaj', 'Fmaj', 'Amin', 'Amaj')",2
602,"('Bbmin', 'Fmaj', 'Cmaj', 'Bbmaj')",2
239,"('Fmaj', 'Dmaj', 'Fmaj', 'Cmaj')",2
184,"('Gmaj', 'Dmin', 'Cmaj', 'Fmaj')",2
464,"('Gmaj', 'Fmaj', 'Gmaj', 'Cmaj')",2
581,"('Amin', 'Gmaj', 'Ebmaj', 'Amin')",2
188,"('Dmin', 'Dmaj', 'Emaj', 'Fmaj')",2
238,"('Cmaj', 'Fmaj', 'Dmaj', 'Fmaj')",2
115,"('Gmaj', 'Amin', 'Gmaj', 'Cmaj')",2
701,"('Dmaj', 'Fmaj', 'Dmin', 'Dmaj')",2
190,"('Emaj', 'Fmaj', 'Gmaj', 'Dmin')",2
192,"('Fmaj', 'Dmin', 'Fmaj', 'Gmin')",2
741,"('Gmaj', 'Gmin', 'Fmaj', 'Gmin')",2
703,"('Emin', 'Fmaj', 'Gmaj', 'Cmaj')",2
742,"('Gmin', 'Fmaj', 'Gmin', 'Gmaj')",2
484,"('Dmaj', 'Amaj', 'Amin', 'Cmaj')",2
725,"('Bmaj', 'Bmin', 'Amin', 'Cmaj')",2
130,"('Bbmaj', 'Cmaj', 'Fmaj', 'Cmaj')",2
228,"('Fmaj', 'Gmaj', 'Amin', 'Cmaj')",2
706,"('Cmaj', 'Gmaj', 'Fmaj', 'Amin')",2
225,"('Gmaj', 'Amin', 'Cmaj', 'Amin')",2
752,"('Cmaj', 'Gmaj', 'Cmaj', 'Ebmaj')",2
493,"('Dmin', 'Amin', 'Dmin', 'Amin')",2
482,"('Emin', 'Cmaj', 'Emin', 'Emaj')",2
222,"('Amin', 'Cmaj', 'Gmaj', 'Amin')",2
219,"('Gmaj', 'Amin', 'Fmaj', 'Emaj')",2
218,"('Gmaj', 'Dmin', 'Gmaj', 'Amin')",2
197,"('Fmaj', 'Dmin', 'Gmaj', 'Dmin')",2
584,"('Gmaj', 'Amaj', 'Amin', 'Fmaj')",2
141,"('Cmin', 'Fmaj', 'Bbmaj', 'Gmaj')",2
142,"('Bbmaj', 'Gmaj', 'Cmin', 'Fmaj')",2
714,"('Amaj', 'Emin', 'Amin', 'Emin')",2
207,"('Amin', 'Amaj', 'Amin', 'Dmaj')",2
114,"('Gmaj', 'Fmaj', 'Gmaj', 'Amaj')",2
718,"('Amaj', 'Cmaj', 'Amaj', 'Emin')",2
249,"('Amaj', 'Emaj', 'Emin', 'Dmaj')",2
694,"('Gmin', 'Ebmaj', 'Bbmaj', 'Fmaj')",2
685,"('Ebmaj', 'Dmaj', 'Gmaj', 'Fmaj')",2
686,"('Dmaj', 'Gmaj', 'Fmaj', 'Emaj')",2
687,"('Gmaj', 'Fmaj', 'Emaj', 'Ebmaj')",2
469,"('Cmaj', 'Cmin', 'Cmaj', 'Cmin')",2
259,"('Fmaj', 'Gmaj', 'Amaj', 'Fmaj')",2
437,"('Fmin', 'Gmaj', 'Gmin', 'Fmaj')",2
256,"('Emaj', 'Emin', 'Dmaj', 'Dmin')",2
254,"('Amin', 'Emin', 'Dmaj', 'Dmin')",2
253,"('Amaj', 'Amin', 'Emin', 'Dmaj')",2
692,"('Bbmaj', 'Fmaj', 'Gmin', 'Ebmaj')",2
251,"('Fmaj', 'Gmaj', 'Amaj', 'Amin')",2
693,"('Fmaj', 'Gmin', 'Ebmaj', 'Bbmaj')",2
490,"('Emaj', 'Emin', 'Cmaj', 'Emaj')",2
107,"('Gmaj', 'Amin', 'Amaj', 'Gmaj')",2
165,"('Emin', 'Amin', 'Bmaj', 'Emin')",2
98,"('Cmaj', 'Gmaj', 'Gmin', 'Gmaj')",2
245,"('Dmin', 'Gmaj', 'Bbmaj', 'Dmin')",2
468,"('Cmaj', 'Amin', 'Gmaj', 'Amin')",2
242,"('Amaj', 'Dmin', 'Gmaj', 'Dmin')",2
592,"('Gmaj', 'Gmin', 'Gmaj', 'Cmaj')",2
548,"('Fmaj', 'Gmaj', 'Abmaj', 'Bbmaj')",1
620,"('Dmin', 'Amin', 'Dmin', 'Gmaj')",1
538,"('Gmaj', 'Cmaj', 'Gmaj', 'Amin')",1
621,"('Bmaj', 'Emin', 'Amin', 'Fmaj')",1
580,"('Dmaj', 'Amin', 'Gmaj', 'Ebmaj')",1
546,"('Cmaj', 'Gmaj', 'Cmaj', 'Dmaj')",1
574,"('Amin', 'Dmaj', 'Cmaj', 'Amin')",1
568,"('Fmaj', 'Gmaj', 'Fmaj', 'Amaj')",1
569,"('Gmaj', 'Fmaj', 'Amaj', 'Amin')",1
543,"('Emin', 'Emaj', 'Gmaj', 'Amaj')",1
539,"('Amaj', 'Gmaj', 'Fmaj', 'Gmaj')",1
570,"('Gmaj', 'Fmaj', 'Dmaj', 'Amin')",1
622,"('Emin', 'Amin', 'Fmaj', 'Gmaj')",1
577,"('Amin', 'Dmaj', 'Cmaj', 'Gmaj')",1
571,"('Fmaj', 'Amaj', 'Amin', 'Dmaj')",1
540,"('Gmaj', 'Amaj', 'Gmaj', 'Emin')",1
541,"('Gmaj', 'Emin', 'Amaj', 'Gmaj')",1
542,"('Emin', 'Amaj', 'Gmaj', 'Amaj')",1
575,"('Cmaj', 'Amin', 'Dmaj', 'Amin')",1
576,"('Amin', 'Dmaj', 'Amin', 'Gmaj')",1
573,"('Fmaj', 'Dmaj', 'Amin', 'Gmaj')",1
544,"('Dmaj', 'Gmaj', 'Amaj', 'Emaj')",1
562,"('Amin', 'Amaj', 'Fmaj', 'Amin')",1
616,"('Amin', 'Emin', 'Fmaj', 'Cmaj')",1
619,"('Gmaj', 'Dmin', 'Amin', 'Dmin')",1
582,"('Gmaj', 'Ebmaj', 'Amin', 'Gmaj')",1
607,"('Emaj', 'Dmaj', 'Cmaj', 'Bmaj')",1
591,"('Dmin', 'Cmaj', 'Gmaj', 'Gmin')",1
554,"('Dmin', 'Amin', 'Fmaj', 'Cmaj')",1
555,"('Gmaj', 'Dmin', 'Amin', 'Amaj')",1
556,"('Dmaj', 'Fmaj', 'Amin', 'Fmaj')",1
593,"('Fmaj', 'Ebmin', 'Ebmaj', 'Fmaj')",1
605,"('Emin', 'Dmaj', 'Emaj', 'Dmaj')",1
557,"('Fmaj', 'Amin', 'Fmaj', 'Amin')",1
604,"('Amin', 'Emin', 'Dmaj', 'Emaj')",1
603,"('Fmaj', 'Bbmin', 'Fmaj', 'Cmaj')",1
596,"('Ebmaj', 'Fmaj', 'Ebmaj', 'Ebmin')",1
564,"('Amin', 'Amaj', 'Fmaj', 'Gmaj')",1
599,"('Fmaj', 'Fmin', 'Ebmaj', 'Fmaj')",1
563,"('Amaj', 'Fmaj', 'Amaj', 'Amin')",1
600,"('Fmin', 'Ebmaj', 'Fmaj', 'Ebmaj')",1
608,"('Dmaj', 'Bmaj', 'Emin', 'Dmaj')",1
609,"('Bmaj', 'Emin', 'Dmaj', 'Cmaj')",1
610,"('Dmaj', 'Cmaj', 'Gmaj', 'Bmaj')",1
586,"('Amin', 'Fmaj', 'Dmaj', 'Dmin')",1
618,"('Fmaj', 'Gmaj', 'Dmin', 'Amin')",1
549,"('Gmaj', 'Abmaj', 'Bbmaj', 'Fmaj')",1
567,"('Gmaj', 'Amin', 'Amaj', 'Fmaj')",1
566,"('Fmaj', 'Gmin', 'Gmaj', 'Amin')",1
565,"('Amaj', 'Fmaj', 'Gmaj', 'Amin')",1
585,"('Amaj', 'Amin', 'Fmaj', 'Dmaj')",1
587,"('Dmaj', 'Emaj', 'Dmin', 'Dmaj')",1
552,"('Gmaj', 'Amaj', 'Fmaj', 'Gmaj')",1
617,"('Dmin', 'Gmaj', 'Cmaj', 'Fmaj')",1
614,"('Cmaj', 'Fmaj', 'Amin', 'Emin')",1
612,"('Gmaj', 'Bmaj', 'Amaj', 'Gmaj')",1
551,"('Amin', 'Gmaj', 'Amaj', 'Fmaj')",1
611,"('Cmaj', 'Gmaj', 'Bmaj', 'Amaj')",1
590,"('Amin', 'Cmaj', 'Bbmaj', 'Dmin')",1
578,"('Dmaj', 'Cmaj', 'Gmaj', 'Cmin')",1
0,"('Dmaj', 'Gmaj', 'Dbmaj', 'Gmaj')",1
627,"('Emaj', 'Dmaj', 'Gmaj', 'Cmaj')",1
769,"('Cmaj', 'Fmaj', 'Cmaj', 'Fmin')",1
751,"('Fmaj', 'Cmaj', 'Dmaj', 'Dmin')",1
753,"('Gmaj', 'Cmaj', 'Ebmaj', 'Cmaj')",1
754,"('Ebmaj', 'Cmaj', 'Ebmaj', 'Cmaj')",1
755,"('Cmaj', 'Gmaj', 'Cmaj', 'Gmin')",1
756,"('Gmaj', 'Fmaj', 'Gmin', 'Gmaj')",1
757,"('Gmin', 'Cmaj', 'Gmaj', 'Ebmaj')",1
758,"('Cmaj', 'Gmaj', 'Ebmaj', 'Cmaj')",1
759,"('Gmaj', 'Cmaj', 'Gmin', 'Gmaj')",1
760,"('Cmaj', 'Ebmaj', 'Cmaj', 'Emin')",1
761,"('Dmin', 'Cmaj', 'Fmaj', 'Dmin')",1
762,"('Gmaj', 'Cmaj', 'Gmaj', 'Dmin')",1
763,"('Cmaj', 'Gmaj', 'Dmin', 'Amaj')",1
764,"('Gmaj', 'Dmin', 'Amaj', 'Dmaj')",1
765,"('Amin', 'Cmaj', 'Gmaj', 'Cmaj')",1
766,"('Emaj', 'Cmaj', 'Dmin', 'Bbmaj')",1
750,"('Gmaj', 'Fmaj', 'Cmaj', 'Dmin')",1
749,"('Dmin', 'Fmaj', 'Gmaj', 'Fmaj')",1
748,"('Fmaj', 'Dmin', 'Dmaj', 'Dmin')",1
736,"('Cmin', 'Fmaj', 'Ebmaj', 'Fmaj')",1
729,"('Gmin', 'Gmaj', 'Cmaj', 'Cmin')",1
731,"('Fmaj', 'Ebmaj', 'Dmin', 'Dmaj')",1
732,"('Ebmaj', 'Dmin', 'Dmaj', 'Gmaj')",1
733,"('Abmaj', 'Bbmaj', 'Abmin', 'Gmaj')",1
734,"('Bbmaj', 'Abmin', 'Gmaj', 'Cmaj')",1
735,"('Abmin', 'Gmaj', 'Cmaj', 'Cmin')",1
737,"('Fmaj', 'Ebmaj', 'Dmin', 'Gbmin')",1
747,"('Emin', 'Amaj', 'Emin', 'Emaj')",1
738,"('Dmin', 'Gmin', 'Gmaj', 'Gmin')",1
740,"('Gmin', 'Gmaj', 'Cmaj', 'Amin')",1
743,"('Emaj', 'Amin', 'Emin', 'Emaj')",1
744,"('Amin', 'Emin', 'Emaj', 'Emin')",1
745,"('Emin', 'Emaj', 'Emin', 'Amaj')",1
746,"('Emaj', 'Emin', 'Amaj', 'Emin')",1
768,"('Dmin', 'Amin', 'Cmaj', 'Cmin')",1
771,"('Dmin', 'Amin', 'Dmaj', 'Amaj')",1
727,"('Amin', 'Cmaj', 'Amaj', 'Emin')",1
772,"('Dmin', 'Fmaj', 'Bbmaj', 'Gmaj')",1
797,"('Emaj', 'Amaj', 'Cmaj', 'Gmaj')",1
798,"('Emaj', 'Gbmin', 'Gbmaj', 'Dmaj')",1
799,"('Gbmin', 'Gbmaj', 'Dmaj', 'Dbmaj')",1
800,"('Cmin', 'Cmaj', 'Fmaj', 'Bbmaj')",1
803,"('Bbmaj', 'Gmaj', 'Cmaj', 'Bbmin')",1
804,"('Bbmaj', 'Gmin', 'Cmaj', 'Fmin')",1
805,"('Gmaj', 'Cmaj', 'Bbmaj', 'Gmaj')",1
806,"('Cmaj', 'Bbmaj', 'Gmaj', 'Cmaj')",1
807,"('Gmaj', 'Cmaj', 'Fmaj', 'Bbmin')",1
808,"('Gmin', 'Cmaj', 'Fmaj', 'Bbmaj')",1
809,"('Cmaj', 'Fmaj', 'Bbmaj', 'Gmin')",1
810,"('Gmaj', 'Cmaj', 'Fmaj', 'Bmaj')",1
811,"('Amin', 'Cmaj', 'Bbmaj', 'Fmaj')",1
812,"('Cmaj', 'Gmaj', 'Amaj', 'Cmaj')",1
813,"('Gmaj', 'Amaj', 'Cmaj', 'Bbmaj')",1
796,"('Amaj', 'Fmaj', 'Cmaj', 'Gmaj')",1
795,"('Cmaj', 'Gmaj', 'Amaj', 'Amin')",1
793,"('Cmaj', 'Gmaj', 'Fmaj', 'Amaj')",1
781,"('Dmin', 'Fmaj', 'Gmaj', 'Amin')",1
773,"('Fmaj', 'Bbmaj', 'Gmaj', 'Amin')",1
775,"('Dmaj', 'Amin', 'Dmin', 'Amin')",1
776,"('Amin', 'Dmin', 'Amin', 'Dmaj')",1
778,"('Dmaj', 'Fmaj', 'Dmin', 'Fmaj')",1
779,"('Fmaj', 'Dmin', 'Fmaj', 'Gmaj')",1
780,"('Fmaj', 'Amin', 'Gmaj', 'Dmaj')",1
782,"('Fmaj', 'Dmaj', 'Gmaj', 'Dmaj')",1
791,"('Bbmaj', 'Cmaj', 'Bbmaj', 'Dmin')",1
783,"('Dmaj', 'Cmaj', 'Fmaj', 'Dmin')",1
784,"('Cmaj', 'Fmaj', 'Dmin', 'Bbmaj')",1
786,"('Bbmaj', 'Cmaj', 'Fmaj', 'Bbmaj')",1
787,"('Dmin', 'Bbmaj', 'Cmaj', 'Dmin')",1
788,"('Dmin', 'Bbmaj', 'Cmaj', 'Dmaj')",1
789,"('Fmaj', 'Abmaj', 'Dmaj', 'Cmaj')",1
728,"('Bbmaj', 'Abmin', 'Abmaj', 'Bbmaj')",1
726,"('Bmin', 'Amin', 'Cmaj', 'Amaj')",1
628,"('Emaj', 'Emin', 'Bmin', 'Emin')",1
672,"('Dmin', 'Bbmaj', 'Amin', 'Gmaj')",1
648,"('Amin', 'Fmaj', 'Amin', 'Amaj')",1
653,"('Emin', 'Cmaj', 'Amaj', 'Emin')",1
655,"('Amaj', 'Emin', 'Cmaj', 'Gmaj')",1
657,"('Emin', 'Cmaj', 'Emin', 'Amaj')",1
660,"('Emin', 'Amin', 'Emin', 'Cmaj')",1
661,"('Amin', 'Emin', 'Cmaj', 'Amaj')",1
662,"('Emin', 'Amin', 'Gmaj', 'Amin')",1
663,"('Amin', 'Gmaj', 'Amin', 'Amaj')",1
664,"('Amin', 'Amaj', 'Emin', 'Cmaj')",1
665,"('Amin', 'Emaj', 'Amin', 'Emaj')",1
666,"('Gbmaj', 'Amaj', 'Cmaj', 'Amaj')",1
667,"('Amaj', 'Dbmin', 'Bmaj', 'Emaj')",1
668,"('Amin', 'Gmaj', 'Cmaj', 'Bbmaj')",1
669,"('Dbmin', 'Bmaj', 'Fmaj', 'Dmin')",1
670,"('Bmaj', 'Fmaj', 'Dmin', 'Bbmaj')",1
647,"('Cmaj', 'Amaj', 'Amin', 'Cmaj')",1
646,"('Amaj', 'Fmaj', 'Amin', 'Dmaj')",1
645,"('Amin', 'Cmaj', 'Fmaj', 'Cmaj')",1
636,"('Cmaj', 'Amin', 'Cmaj', 'Emin')",1
630,"('Amin', 'Emin', 'Gmin', 'Fmaj')",1
631,"('Cmaj', 'Emin', 'Gmaj', 'Fmaj')",1
632,"('Cmin', 'Fmaj', 'Cmaj', 'Cmin')",1
633,"('Emin', 'Emaj', 'Cmaj', 'Emin')",1
634,"('Emaj', 'Cmaj', 'Emin', 'Emaj')",1
635,"('Cmaj', 'Emin', 'Cmaj', 'Emaj')",1
637,"('Amin', 'Cmaj', 'Emin', 'Cmaj')",1
644,"('Amaj', 'Amin', 'Cmaj', 'Fmaj')",1
638,"('Amin', 'Dmaj', 'Amaj', 'Cmaj')",1
639,"('Amaj', 'Amin', 'Cmaj', 'Amin')",1
640,"('Fmaj', 'Cmaj', 'Dmaj', 'Cmaj')",1
641,"('Amin', 'Amaj', 'Cmaj', 'Amin')",1
642,"('Amaj', 'Cmaj', 'Amin', 'Fmaj')",1
643,"('Cmaj', 'Amin', 'Fmaj', 'Cmaj')",1
671,"('Fmaj', 'Dmin', 'Bbmaj', 'Amin')",1
673,"('Bbmaj', 'Amin', 'Gmaj', 'Cmaj')",1
724,"('Gmaj', 'Bmaj', 'Bmin', 'Amin')",1
674,"('Amin', 'Gmaj', 'Bmin', 'Gmaj')",1
702,"('Cmaj', 'Emin', 'Amin', 'Fmaj')",1
704,"('Gmaj', 'Amin', 'Emin', 'Fmaj')",1
705,"('Gmaj', 'Cmaj', 'Emin', 'Fmaj')",1
707,"('Emaj', 'Cmin', 'Gmaj', 'Cmin')",1
708,"('Emin', 'Emaj', 'Emin', 'Dmaj')",1
709,"('Emaj', 'Emin', 'Dmaj', 'Amaj')",1
710,"('Emin', 'Bmaj', 'Emaj', 'Emin')",1
711,"('Bmaj', 'Emaj', 'Emin', 'Emaj')",1
716,"('Amin', 'Emin', 'Amaj', 'Emin')",1
717,"('Cmaj', 'Cmin', 'Cmaj', 'Ebmaj')",1
719,"('Cmaj', 'Emin', 'Amin', 'Emin')",1
720,"('Amin', 'Amaj', 'Cmaj', 'Amaj')",1
721,"('Bmin', 'Dmin', 'Amin', 'Bmin')",1
722,"('Gmaj', 'Gbmin', 'Gmaj', 'Bmaj')",1
723,"('Gbmin', 'Gmaj', 'Bmaj', 'Bmin')",1
700,"('Dmin', 'Dmaj', 'Dmin', 'Amin')",1
699,"('Fmaj', 'Dmaj', 'Dmin', 'Dmaj')",1
698,"('Gmaj', 'Gmin', 'Fmaj', 'Ebmaj')",1
682,"('Amin', 'Gmaj', 'Cmaj', 'Gmaj')",1
676,"('Bmin', 'Gmaj', 'Bmin', 'Emin')",1
677,"('Gmaj', 'Bmin', 'Emin', 'Gmaj')",1
678,"('Bmin', 'Emin', 'Gmaj', 'Bmin')",1
679,"('Emin', 'Gmaj', 'Bmin', 'Gmaj')",1
680,"('Gmaj', 'Bmin', 'Gmaj', 'Amin')",1
681,"('Bmin', 'Gmaj', 'Bmin', 'Gmaj')",1
535,"('Amin', 'Gmaj', 'Cmaj', 'Fmaj')",1
697,"('Bmin', 'Gmaj', 'Bmin', 'Cmaj')",1
688,"('Dmaj', 'Ebmaj', 'Gmin', 'Gmaj')",1
689,"('Fmaj', 'Gmin', 'Ebmaj', 'Bbmin')",1
690,"('Gmin', 'Ebmaj', 'Bbmin', 'Bbmaj')",1
691,"('Ebmaj', 'Bbmin', 'Bbmaj', 'Fmaj')",1
695,"('Ebmaj', 'Bbmaj', 'Fmaj', 'Gmin')",1
696,"('Bmin', 'Gmaj', 'Dmaj', 'Gmaj')",1
536,"('Cmaj', 'Emin', 'Gmaj', 'Cmaj')",1
407,"('Gmaj', 'Amin', 'Gmaj', 'Emin')",1
534,"('Emin', 'Amin', 'Gmaj', 'Cmaj')",1
202,"('Amin', 'Cmaj', 'Gmaj', 'Dmin')",1
195,"('Gmaj', 'Dmin', 'Fmaj', 'Gmaj')",1
196,"('Fmaj', 'Cmaj', 'Dmin', 'Fmaj')",1
198,"('Dmin', 'Gmaj', 'Dmin', 'Fmaj')",1
199,"('Gmaj', 'Dmin', 'Fmaj', 'Dmin')",1
200,"('Dmin', 'Fmaj', 'Gmin', 'Dmin')",1
201,"('Dmin', 'Amin', 'Cmaj', 'Gmaj')",1
203,"('Dmaj', 'Amin', 'Cmaj', 'Gmaj')",1
212,"('Cmaj', 'Bbmaj', 'Ebmaj', 'Cmaj')",1
204,"('Fmaj', 'Bbmaj', 'Fmaj', 'Gmaj')",1
205,"('Cmaj', 'Dmaj', 'Gmaj', 'Dmaj')",1
206,"('Fmaj', 'Amin', 'Dmin', 'Amin')",1
208,"('Amaj', 'Amin', 'Dmaj', 'Cmaj')",1
209,"('Amin', 'Dmaj', 'Cmaj', 'Emin')",1
210,"('Fmaj', 'Cmaj', 'Gmin', 'Cmaj')",1
193,"('Dmin', 'Fmaj', 'Gmin', 'Fmaj')",1
191,"('Gmaj', 'Fmaj', 'Dmin', 'Gmaj')",1
187,"('Gmaj', 'Dmin', 'Dmaj', 'Emaj')",1
186,"('Dmin', 'Dmaj', 'Fmaj', 'Gmaj')",1
185,"('Gmaj', 'Dmin', 'Dmaj', 'Fmaj')",1
183,"('Dmaj', 'Cmaj', 'Fmaj', 'Cmaj')",1
182,"('Cmaj', 'Amin', 'Cmaj', 'Fmaj')",1
181,"('Fmaj', 'Cmaj', 'Amin', 'Cmaj')",1
180,"('Cmaj', 'Dmaj', 'Fmaj', 'Cmaj')",1
179,"('Fmaj', 'Cmaj', 'Dmaj', 'Fmaj')",1
163,"('Dmin', 'Emaj', 'Dmin', 'Emaj')",1
162,"('Gmaj', 'Dmin', 'Emaj', 'Dmin')",1
161,"('Dmin', 'Gmaj', 'Dmin', 'Emaj')",1
160,"('Dmin', 'Emin', 'Amaj', 'Abmaj')",1
159,"('Dmin', 'Gmaj', 'Dmin', 'Emin')",1
155,"('Amaj', 'Dmin', 'Gmaj', 'Dmaj')",1
153,"('Dmaj', 'Emaj', 'Amaj', 'Dmin')",1
211,"('Cmaj', 'Gmin', 'Cmaj', 'Ebmaj')",1
214,"('Amaj', 'Gmaj', 'Fmaj', 'Cmaj')",1
147,"('Bbmaj', 'Gmin', 'Cmin', 'Fmaj')",1
265,"('Dmaj', 'Dmin', 'Gmaj', 'Amaj')",1
255,"('Emin', 'Dmaj', 'Dmin', 'Amaj')",1
257,"('Gmaj', 'Amaj', 'Amin', 'Emaj')",1
258,"('Amin', 'Fmaj', 'Gmaj', 'Amaj')",1
260,"('Gmaj', 'Amaj', 'Fmaj', 'Cmaj')",1
261,"('Amaj', 'Fmaj', 'Cmaj', 'Fmaj')",1
264,"('Emin', 'Dmaj', 'Dmin', 'Gmaj')",1
266,"('Dmin', 'Gmaj', 'Amaj', 'Amin')",1
215,"('Gmaj', 'Fmaj', 'Cmaj', 'Amaj')",1
268,"('Cmaj', 'Gmaj', 'Amaj', 'Gmaj')",1
270,"('Emaj', 'Amin', 'Fmaj', 'Gmaj')",1
271,"('Dmaj', 'Cmaj', 'Bbmaj', 'Dmin')",1
280,"('Cmaj', 'Dmin', 'Bbmaj', 'Amin')",1
283,"('Cmaj', 'Dmin', 'Cmaj', 'Fmaj')",1
295,"('Cmaj', 'Amin', 'Gmaj', 'Cmaj')",1
252,"('Gmaj', 'Amaj', 'Amin', 'Emin')",1
250,"('Dmaj', 'Fmaj', 'Gmaj', 'Amaj')",1
248,"('Gmaj', 'Amaj', 'Emaj', 'Emin')",1
247,"('Fmaj', 'Gmaj', 'Emin', 'Fmaj')",1
246,"('Amin', 'Fmaj', 'Gmaj', 'Emin')",1
244,"('Dmaj', 'Bmin', 'Gmaj', 'Dmin')",1
243,"('Fmaj', 'Dmin', 'Bbmaj', 'Dmin')",1
241,"('Dmin', 'Dmaj', 'Bmin', 'Gmaj')",1
236,"('Amaj', 'Amin', 'Cmaj', 'Amaj')",1
235,"('Amaj', 'Gmaj', 'Cmaj', 'Gmaj')",1
234,"('Dmaj', 'Amaj', 'Gmaj', 'Cmaj')",1
233,"('Amaj', 'Dmaj', 'Amaj', 'Gmaj')",1
231,"('Gmaj', 'Amin', 'Emaj', 'Gmaj')",1
229,"('Cmaj', 'Amin', 'Fmaj', 'Gmaj')",1
227,"('Amin', 'Dmin', 'Gmaj', 'Amin')",1
217,"('Dmin', 'Gmaj', 'Amin', 'Fmaj')",1
216,"('Fmaj', 'Cmaj', 'Amaj', 'Gmaj')",1
151,"('Bbmaj', 'Fmaj', 'Abmaj', 'Ebmaj')",1
146,"('Fmaj', 'Bbmaj', 'Gmin', 'Cmin')",1
299,"('Fmaj', 'Gmaj', 'Fmaj', 'Emin')",1
43,"('Cmaj', 'Gmaj', 'Fmaj', 'Bbmaj')",1
32,"('Dmin', 'Dmaj', 'Fmaj', 'Dmaj')",1
33,"('Fmaj', 'Dmaj', 'Cmaj', 'Fmaj')",1
34,"('Dmaj', 'Cmaj', 'Fmaj', 'Gmaj')",1
40,"('Fmaj', 'Dmaj', 'Dmin', 'Fmaj')",1
41,"('Dmaj', 'Dmin', 'Fmaj', 'Dmaj')",1
42,"('Fmaj', 'Dmaj', 'Dmin', 'Cmaj')",1
47,"('Emaj', 'Amin', 'Fmaj', 'Amin')",1
64,"('Cmaj', 'Ebmaj', 'Gmaj', 'Amin')",1
48,"('Amin', 'Fmaj', 'Amin', 'Emaj')",1
51,"('Emaj', 'Fmaj', 'Emaj', 'Cmaj')",1
52,"('Fmaj', 'Emaj', 'Cmaj', 'Fmaj')",1
53,"('Emaj', 'Cmaj', 'Fmaj', 'Gmaj')",1
56,"('Amin', 'Fmaj', 'Cmaj', 'Emaj')",1
58,"('Amin', 'Fmaj', 'Cmaj', 'Amin')",1
28,"('Emin', 'Amin', 'Gmaj', 'Fmaj')",1
27,"('Fmaj', 'Emin', 'Amin', 'Gmaj')",1
25,"('Amin', 'Gmaj', 'Fmaj', 'Emin')",1
24,"('Amin', 'Dmaj', 'Gmaj', 'Amin')",1
23,"('Emaj', 'Amin', 'Gmaj', 'Amin')",1
22,"('Fmaj', 'Gmaj', 'Amaj', 'Emaj')",1
21,"('Dmaj', 'Dmin', 'Amin', 'Gmaj')",1
20,"('Cmaj', 'Dmaj', 'Dmin', 'Amin')",1
19,"('Amin', 'Cmaj', 'Dmaj', 'Dmin')",1
17,"('Amin', 'Emaj', 'Amin', 'Gmaj')",1
15,"('Gmaj', 'Fmaj', 'Amin', 'Emaj')",1
11,"('Cmaj', 'Amin', 'Emaj', 'Emin')",1
10,"('Emin', 'Emaj', 'Cmaj', 'Gmaj')",1
9,"('Emin', 'Emaj', 'Cmaj', 'Dmaj')",1
5,"('Ebmaj', 'Gmin', 'Fmaj', 'Ebmaj')",1
4,"('Fmaj', 'Ebmaj', 'Gmin', 'Fmaj')",1
3,"('Gmaj', 'Fmaj', 'Ebmaj', 'Gmin')",1
59,"('Fmaj', 'Cmaj', 'Amin', 'Fmaj')",1
65,"('Ebmaj', 'Gmaj', 'Amin', 'Emaj')",1
145,"('Fmaj', 'Abmaj', 'Ebmaj', 'Fmaj')",1
112,"('Cmin', 'Abmaj', 'Fmaj', 'Cmaj')",1
100,"('Emin', 'Emaj', 'Emin', 'Gmaj')",1
101,"('Emin', 'Bbmin', 'Gbmaj', 'Bmaj')",1
104,"('Emin', 'Emaj', 'Emin', 'Amin')",1
105,"('Cmaj', 'Abmaj', 'Fmin', 'Bbmaj')",1
106,"('Bbmaj', 'Cmin', 'Abmaj', 'Fmin')",1
111,"('Gmaj', 'Amin', 'Emin', 'Amin')",1
125,"('Gmaj', 'Fmin', 'Gmaj', 'Emin')",1
66,"('Gmaj', 'Bbmaj', 'Gmaj', 'Amin')",1
126,"('Emin', 'Gmaj', 'Amin', 'Gmaj')",1
136,"('Bbmaj', 'Gmaj', 'Cmin', 'Fmin')",1
137,"('Fmaj', 'Bbmin', 'Gmin', 'Gmaj')",1
140,"('Cmaj', 'Cmin', 'Fmaj', 'Bbmaj')",1
143,"('Gmin', 'Cmaj', 'Fmaj', 'Abmaj')",1
144,"('Cmaj', 'Fmaj', 'Abmaj', 'Ebmaj')",1
99,"('Gmin', 'Gmaj', 'Cmaj', 'Gmaj')",1
97,"('Amin', 'Cmin', 'Dmin', 'Gmin')",1
96,"('Fmaj', 'Amin', 'Cmin', 'Dmin')",1
95,"('Bbmaj', 'Dmin', 'Bbmaj', 'Fmaj')",1
93,"('Fmaj', 'Bbmaj', 'Fmaj', 'Gmin')",1
91,"('Gmin', 'Bbmaj', 'Fmaj', 'Bbmaj')",1
90,"('Gmin', 'Fmaj', 'Amin', 'Cmin')",1
89,"('Fmaj', 'Gmin', 'Fmaj', 'Gmaj')",1
88,"('Bbmaj', 'Fmaj', 'Amin', 'Cmin')",1
82,"('Cmin', 'Gmaj', 'Gmin', 'Gmaj')",1
81,"('Gmin', 'Cmin', 'Gmaj', 'Gmin')",1
80,"('Gmaj', 'Gmin', 'Cmin', 'Gmaj')",1
78,"('Gmin', 'Gmaj', 'Ebmaj', 'Gmaj')",1
76,"('Gmaj', 'Ebmaj', 'Gmaj', 'Gmin')",1
73,"('Gmaj', 'Fmaj', 'Gmaj', 'Ebmaj')",1
70,"('Amin', 'Fmaj', 'Dmaj', 'Amin')",1
69,"('Cmaj', 'Abmin', 'Fmaj', 'Cmaj')",1
296,"('Emin', 'Fmaj', 'Amin', 'Fmaj')",1
302,"('Fmaj', 'Amaj', 'Fmaj', 'Amin')",1
533,"('Gmaj', 'Emin', 'Amin', 'Gmaj')",1
455,"('Dmin', 'Dmaj', 'Ebmaj', 'Fmaj')",1
449,"('Gmin', 'Ebmaj', 'Dmin', 'Ebmaj')",1
450,"('Ebmaj', 'Dmin', 'Ebmaj', 'Fmaj')",1
451,"('Fmaj', 'Cmin', 'Gmin', 'Ebmaj')",1
452,"('Gmin', 'Amin', 'Abmaj', 'Gmaj')",1
453,"('Amin', 'Abmaj', 'Gmaj', 'Ebmaj')",1
454,"('Ebmaj', 'Dmin', 'Dmaj', 'Ebmaj')",1
458,"('Gmaj', 'Cmaj', 'Emin', 'Cmaj')",1
473,"('Cmin', 'Cmaj', 'Cmin', 'Fmin')",1
462,"('Emin', 'Cmaj', 'Fmaj', 'Gmaj')",1
465,"('Fmaj', 'Cmaj', 'Dmin', 'Gmaj')",1
466,"('Bbmaj', 'Dmaj', 'Bbmaj', 'Gmaj')",1
467,"('Amin', 'Gmaj', 'Fmaj', 'Cmaj')",1
470,"('Cmaj', 'Abmaj', 'Fmin', 'Dmin')",1
471,"('Abmaj', 'Fmin', 'Dmin', 'Bbmaj')",1
448,"('Fmaj', 'Gmin', 'Ebmaj', 'Dmin')",1
447,"('Ebmaj', 'Fmaj', 'Gmin', 'Ebmaj')",1
446,"('Ebmaj', 'Gmaj', 'Fmaj', 'Gmaj')",1
445,"('Gmin', 'Fmaj', 'Gmaj', 'Fmaj')",1
443,"('Fmaj', 'Bbmaj', 'Amin', 'Fmaj')",1
442,"('Gmin', 'Fmaj', 'Bbmaj', 'Amin')",1
441,"('Ebmin', 'Gmin', 'Fmaj', 'Bbmaj')",1
440,"('Fmaj', 'Bbmaj', 'Amaj', 'Fmaj')",1
439,"('Amin', 'Fmaj', 'Gmaj', 'Ebmaj')",1
438,"('Fmaj', 'Gmaj', 'Fmaj', 'Gmin')",1
436,"('Gmin', 'Bbmaj', 'Gmin', 'Ebmaj')",1
435,"('Bbmaj', 'Fmaj', 'Abmaj', 'Gmaj')",1
434,"('Bbmaj', 'Dmin', 'Fmin', 'Gmaj')",1
433,"('Gmaj', 'Bbmaj', 'Dmin', 'Fmin')",1
432,"('Fmaj', 'Gmaj', 'Bbmaj', 'Dmin')",1
431,"('Gmin', 'Fmaj', 'Gmaj', 'Bbmaj')",1
429,"('Gmin', 'Ebmaj', 'Gmin', 'Ebmaj')",1
472,"('Gmaj', 'Fmaj', 'Gmaj', 'Dmaj')",1
474,"('Cmaj', 'Cmin', 'Fmin', 'Fmaj')",1
427,"('Fmin', 'Gmaj', 'Dmin', 'Gmaj')",1
523,"('Dmaj', 'Dmin', 'Gmaj', 'Cmaj')",1
513,"('Fmaj', 'Gmaj', 'Dmin', 'Cmaj')",1
514,"('Dmin', 'Cmaj', 'Fmaj', 'Gmaj')",1
517,"('Gmaj', 'Fmaj', 'Cmaj', 'Gmaj')",1
519,"('Cmaj', 'Gmaj', 'Fmaj', 'Emin')",1
520,"('Gmaj', 'Fmaj', 'Emin', 'Cmaj')",1
521,"('Fmaj', 'Emin', 'Cmaj', 'Gmaj')",1
524,"('Dmin', 'Gmaj', 'Cmaj', 'Dmin')",1
475,"('Cmin', 'Fmin', 'Fmaj', 'Cmaj')",1
525,"('Gmaj', 'Cmaj', 'Dmin', 'Cmaj')",1
527,"('Cmaj', 'Dmin', 'Cmaj', 'Gmaj')",1
528,"('Fmaj', 'Gmaj', 'Abmaj', 'Dmaj')",1
529,"('Cmaj', 'Gmaj', 'Dmin', 'Cmaj')",1
530,"('Dmaj', 'Dmin', 'Bbmaj', 'Dmin')",1
532,"('Dmin', 'Cmaj', 'Bbmaj', 'Dmin')",1
508,"('Gmaj', 'Bmin', 'Bbmaj', 'Dmaj')",1
507,"('Dmaj', 'Gmaj', 'Bmin', 'Bbmaj')",1
506,"('Gmaj', 'Bbmaj', 'Dmin', 'Gmaj')",1
505,"('Cmaj', 'Cmin', 'Cmaj', 'Amin')",1
504,"('Gmaj', 'Gmin', 'Cmaj', 'Cmin')",1
503,"('Gmin', 'Gmaj', 'Gmin', 'Cmaj')",1
502,"('Amin', 'Amaj', 'Amin', 'Cmaj')",1
500,"('Fmaj', 'Cmaj', 'Amaj', 'Amin')",1
499,"('Cmin', 'Fmaj', 'Amin', 'Cmaj')",1
498,"('Amin', 'Fmaj', 'Cmaj', 'Fmaj')",1
494,"('Amin', 'Dmaj', 'Amin', 'Cmaj')",1
491,"('Cmaj', 'Emaj', 'Amin', 'Amaj')",1
489,"('Amin', 'Amaj', 'Fmaj', 'Cmaj')",1
479,"('Amin', 'Gmaj', 'Amin', 'Cmaj')",1
478,"('Cmin', 'Abmaj', 'Fmin', 'Bbmaj')",1
477,"('Gmaj', 'Amin', 'Gmaj', 'Cmin')",1
476,"('Fmaj', 'Cmaj', 'Abmaj', 'Fmin')",1
428,"('Cmin', 'Gmin', 'Ebmaj', 'Gmin')",1
426,"('Fmin', 'Gmaj', 'Bbmaj', 'Fmaj')",1
303,"('Amaj', 'Fmaj', 'Amin', 'Fmaj')",1
344,"('Dmaj', 'Dmin', 'Dmaj', 'Cmaj')",1
333,"('Cmaj', 'Cmin', 'Abmaj', 'Cmaj')",1
337,"('Dmaj', 'Gmaj', 'Dmaj', 'Dmin')",1
338,"('Gmaj', 'Dmin', 'Gmin', 'Dmin')",1
339,"('Dmin', 'Gmaj', 'Dmin', 'Dmaj')",1
340,"('Dmin', 'Dmaj', 'Cmaj', 'Dmaj')",1
343,"('Bbmaj', 'Dmaj', 'Dmin', 'Dmaj')",1
345,"('Amin', 'Dmin', 'Gmaj', 'Dmaj')",1
356,"('Fmaj', 'Dmin', 'Dmaj', 'Emaj')",1
347,"('Gmaj', 'Dmin', 'Dmaj', 'Dmin')",1
349,"('Ebmin', 'Dbmin', 'Cmaj', 'Fmaj')",1
351,"('Fmaj', 'Dbmaj', 'Ebmaj', 'Bbmaj')",1
352,"('Cmaj', 'Fmaj', 'Abmaj', 'Ebmin')",1
353,"('Amin', 'Amaj', 'Amin', 'Fmaj')",1
354,"('Amaj', 'Bbmaj', 'Amaj', 'Bbmaj')",1
332,"('Fmaj', 'Cmaj', 'Cmin', 'Abmaj')",1
331,"('Bbmaj', 'Fmaj', 'Cmaj', 'Abmaj')",1
330,"('Gbmaj', 'Emaj', 'Abmin', 'Gmaj')",1
329,"('Bbmin', 'Fmaj', 'Ebmaj', 'Fmaj')",1
328,"('Abmaj', 'Bbmin', 'Fmaj', 'Ebmaj')",1
327,"('Abmaj', 'Bbmaj', 'Cmin', 'Abmaj')",1
326,"('Cmin', 'Abmaj', 'Bbmaj', 'Cmin')",1
325,"('Cmaj', 'Dmin', 'Ebmaj', 'Fmaj')",1
324,"('Gmin', 'Cmaj', 'Dmin', 'Ebmaj')",1
323,"('Gmaj', 'Cmin', 'Abmaj', 'Bbmaj')",1
322,"('Abmaj', 'Gmaj', 'Cmin', 'Abmaj')",1
321,"('Gmaj', 'Abmaj', 'Gmaj', 'Cmin')",1
318,"('Abmaj', 'Bbmaj', 'Gmin', 'Cmaj')",1
312,"('Gmin', 'Cmaj', 'Ebmaj', 'Gmin')",1
310,"('Cmaj', 'Ebmaj', 'Fmaj', 'Gmin')",1
308,"('Amin', 'Bmin', 'Dmin', 'Dmaj')",1
307,"('Bmin', 'Dmin', 'Dmaj', 'Dmin')",1
355,"('Bbmaj', 'Amaj', 'Bbmaj', 'Amin')",1
361,"('Gmaj', 'Bbmaj', 'Gmaj', 'Dmin')",1
425,"('Fmaj', 'Fmin', 'Gmaj', 'Bbmaj')",1
413,"('Fmin', 'Gmaj', 'Fmaj', 'Fmin')",1
402,"('Cmaj', 'Dmin', 'Cmaj', 'Dmin')",1
404,"('Amaj', 'Gmaj', 'Fmaj', 'Amin')",1
1,"('Gmaj', 'Gmin', 'Ebmaj', 'Gmin')",1
408,"('Amin', 'Fmaj', 'Gmaj', 'Cmaj')",1
411,"('Gmaj', 'Amin', 'Fmaj', 'Emin')",1
412,"('Amin', 'Fmaj', 'Emin', 'Amin')",1
418,"('Ebmaj', 'Gmin', 'Ebmaj', 'Abmaj')",1
365,"('Dmin', 'Dmaj', 'Dmin', 'Gmin')",1
419,"('Gmin', 'Gmaj', 'Ebmaj', 'Fmaj')",1
420,"('Gmaj', 'Ebmaj', 'Fmaj', 'Gmaj')",1
421,"('Ebmaj', 'Fmaj', 'Gmaj', 'Bbmaj')",1
422,"('Fmaj', 'Gmaj', 'Bbmaj', 'Fmaj')",1
423,"('Gmaj', 'Bbmaj', 'Fmaj', 'Fmin')",1
424,"('Bbmaj', 'Fmaj', 'Fmin', 'Gmaj')",1
400,"('Dmaj', 'Gmin', 'Cmaj', 'Dmin')",1
398,"('Cmaj', 'Dmin', 'Cmaj', 'Dmaj')",1
396,"('Fmaj', 'Cmaj', 'Bbmaj', 'Cmaj')",1
395,"('Cmin', 'Bbmaj', 'Fmaj', 'Gmaj')",1
388,"('Cmaj', 'Gmaj', 'Cmaj', 'Dmin')",1
386,"('Amin', 'Dmin', 'Amin', 'Dmin')",1
384,"('Emaj', 'Amaj', 'Fmaj', 'Amaj')",1
382,"('Ebmaj', 'Fmaj', 'Gmaj', 'Cmaj')",1
381,"('Gmaj', 'Dmaj', 'Ebmaj', 'Fmaj')",1
380,"('Fmaj', 'Gmaj', 'Dmaj', 'Ebmaj')",1
379,"('Ebmaj', 'Fmaj', 'Gmaj', 'Dmaj')",1
377,"('Bbmaj', 'Fmaj', 'Dmaj', 'Ebmaj')",1
371,"('Bbmaj', 'Fmaj', 'Bbmin', 'Fmaj')",1
370,"('Fmaj', 'Bbmaj', 'Fmaj', 'Bbmin')",1
369,"('Dmaj', 'Gmin', 'Dmin', 'Dmaj')",1
368,"('Dmin', 'Dmaj', 'Gmin', 'Dmin')",1
367,"('Dmaj', 'Amaj', 'Dmaj', 'Dmin')",1
814,"('Amaj', 'Cmaj', 'Bbmaj', 'Dmin')",1
